{"cameraMode":{"drawMode":0,"name":"Shaded","section":"Shading Mode"},"sceneLighting":false,"audioPlay":false,"sceneViewState":{"showFog":true,"showMaterialUpdate":false,"showSkybox":false,"showFlares":true,"showImageEffects":true,"showParticleSystems":true},"in2DMode":false,"pivot":{"x":-5.516617774963379,"y":16.007665634155275,"z":-38.79628372192383},"rotation":{"x":-0.22316066920757295,"y":0.3523954451084137,"z":-0.08683610707521439,"w":-0.9047116041183472},"size":2.5823731422424318,"orthographic":false}