{"cameraMode":{"drawMode":0,"name":"Shaded","section":"Shading Mode"},"sceneLighting":true,"audioPlay":false,"sceneViewState":{"showFog":true,"showMaterialUpdate":false,"showSkybox":true,"showFlares":true,"showImageEffects":true,"showParticleSystems":true},"in2DMode":false,"pivot":{"x":-3.0109808444976808,"y":0.9172930121421814,"z":3.69287109375},"rotation":{"x":0.06434392929077149,"y":0.8246555924415588,"z":-0.09597448259592056,"w":0.5537189245223999},"size":0.5758312940597534,"orthographic":false}