{"cameraMode":{"drawMode":0,"name":"Shaded","section":"Shading Mode"},"sceneLighting":false,"audioPlay":false,"sceneViewState":{"showFog":true,"showMaterialUpdate":false,"showSkybox":false,"showFlares":true,"showImageEffects":true,"showParticleSystems":true},"in2DMode":false,"pivot":{"x":0.0,"y":-0.001215282827615738,"z":-0.00015051662921905518},"rotation":{"x":-0.22082339227199555,"y":0.21392977237701417,"z":-0.049627743661403659,"w":-0.9502817988395691},"size":0.5047135353088379,"orthographic":false}