{"cameraMode":{"drawMode":0,"name":"Shaded","section":"Shading Mode"},"sceneLighting":false,"audioPlay":false,"sceneViewState":{"showFog":true,"showMaterialUpdate":false,"showSkybox":false,"showFlares":true,"showImageEffects":true,"showParticleSystems":true},"in2DMode":false,"pivot":{"x":0.037987470626831058,"y":0.07929247617721558,"z":0.017820119857788087},"rotation":{"x":0.18606466054916383,"y":0.32184574007987978,"z":-0.06475146859884262,"w":0.9260746836662293},"size":1.007716417312622,"orthographic":false}