{"cameraMode":{"drawMode":0,"name":"Shaded","section":"Shading Mode"},"sceneLighting":false,"audioPlay":false,"sceneViewState":{"showFog":true,"showMaterialUpdate":false,"showSkybox":false,"showFlares":true,"showImageEffects":true,"showParticleSystems":true},"in2DMode":false,"pivot":{"x":-0.007776273414492607,"y":0.000012721866369247437,"z":0.0},"rotation":{"x":-0.17165607213974,"y":-0.7564284801483154,"z":0.21940521895885468,"w":-0.591798722743988},"size":0.3495665192604065,"orthographic":false}