{"cameraMode":{"drawMode":0,"name":"Shaded","section":"Shading Mode"},"sceneLighting":false,"audioPlay":false,"sceneViewState":{"showFog":true,"showMaterialUpdate":false,"showSkybox":false,"showFlares":true,"showImageEffects":true,"showParticleSystems":true},"in2DMode":false,"pivot":{"x":0.0,"y":-0.012152820825576783,"z":-0.001505136489868164},"rotation":{"x":-0.2649685740470886,"y":0.06560118496417999,"z":-0.018071698024868966,"w":-0.9618536829948425},"size":5.047134876251221,"orthographic":false}