{"cameraMode":{"drawMode":0,"name":"Shaded","section":"Shading Mode"},"sceneLighting":true,"audioPlay":false,"sceneViewState":{"showFog":true,"showMaterialUpdate":false,"showSkybox":true,"showFlares":true,"showImageEffects":true,"showParticleSystems":true},"in2DMode":false,"pivot":{"x":1.7157341241836548,"y":-0.31606656312942507,"z":2.4560019969940187},"rotation":{"x":0.06278641521930695,"y":0.2447681576013565,"z":-0.01588495448231697,"w":0.967422366142273},"size":4.206933975219727,"orthographic":false}