{"cameraMode":{"drawMode":0,"name":"Shaded","section":"Shading Mode"},"sceneLighting":true,"audioPlay":false,"sceneViewState":{"showFog":true,"showMaterialUpdate":false,"showSkybox":false,"showFlares":true,"showImageEffects":true,"showParticleSystems":true},"in2DMode":false,"pivot":{"x":0.1264846920967102,"y":-0.7169421911239624,"z":7.702885627746582},"rotation":{"x":-0.049786072224378589,"y":0.011083168908953667,"z":-0.0005513592041097581,"w":-0.9987030625343323},"size":12.561131477355957,"orthographic":false}