{"cameraMode":{"drawMode":0,"name":"Shaded","section":"Shading Mode"},"sceneLighting":true,"audioPlay":false,"sceneViewState":{"showFog":true,"showMaterialUpdate":false,"showSkybox":false,"showFlares":true,"showImageEffects":true,"showParticleSystems":true},"in2DMode":false,"pivot":{"x":0.2719224691390991,"y":2.2245287895202638,"z":7.01438570022583},"rotation":{"x":0.12067964673042298,"y":0.8791799545288086,"z":-0.3342527449131012,"w":0.31742972135543826},"size":0.7547041773796082,"orthographic":false}