{"cameraMode":{"drawMode":0,"name":"Shaded","section":"Shading Mode"},"sceneLighting":true,"audioPlay":false,"sceneViewState":{"showFog":true,"showMaterialUpdate":false,"showSkybox":false,"showFlares":true,"showImageEffects":true,"showParticleSystems":true},"in2DMode":false,"pivot":{"x":-0.7863297462463379,"y":-2.535886764526367,"z":6.058499813079834},"rotation":{"x":0.21419478952884675,"y":-0.36154207587242129,"z":0.0857301726937294,"w":0.9033761620521545},"size":10.720413208007813,"orthographic":false}