{"cameraMode":{"drawMode":0,"name":"Shaded","section":"Shading Mode"},"sceneLighting":true,"audioPlay":false,"sceneViewState":{"showFog":true,"showMaterialUpdate":false,"showSkybox":true,"showFlares":true,"showImageEffects":true,"showParticleSystems":true},"in2DMode":false,"pivot":{"x":-3.9420742988586427,"y":-2.143904447555542,"z":1.5772215127944947},"rotation":{"x":0.12329456955194473,"y":0.6867026686668396,"z":-0.11985801160335541,"w":0.7063283324241638},"size":5.38541841506958,"orthographic":false}