{"cameraMode":{"drawMode":0,"name":"Shaded","section":"Shading Mode"},"sceneLighting":false,"audioPlay":false,"sceneViewState":{"showFog":true,"showMaterialUpdate":false,"showSkybox":false,"showFlares":true,"showImageEffects":true,"showParticleSystems":true},"in2DMode":false,"pivot":{"x":-0.30154648423194888,"y":0.0,"z":0.41151541471481326},"rotation":{"x":-0.12307138741016388,"y":-0.5258954763412476,"z":0.07722786068916321,"w":-0.83806312084198},"size":6.108546257019043,"orthographic":false}