{"cameraMode":{"drawMode":0,"name":"Shaded","section":"Shading Mode"},"sceneLighting":true,"audioPlay":false,"sceneViewState":{"showFog":true,"showMaterialUpdate":false,"showSkybox":false,"showFlares":true,"showImageEffects":true,"showParticleSystems":true},"in2DMode":false,"pivot":{"x":-0.1748718023300171,"y":-0.2359679788351059,"z":6.247642517089844},"rotation":{"x":-0.03628787398338318,"y":0.027575530111789705,"z":-0.0010005483636632562,"w":-0.9989650249481201},"size":12.561131477355957,"orthographic":false}