{"cameraMode":{"drawMode":0,"name":"Shaded","section":"Shading Mode"},"sceneLighting":true,"audioPlay":false,"sceneViewState":{"showFog":true,"showMaterialUpdate":false,"showSkybox":false,"showFlares":true,"showImageEffects":true,"showParticleSystems":true},"in2DMode":false,"pivot":{"x":1.465664029121399,"y":-2.101757526397705,"z":-1.1484582424163819},"rotation":{"x":0.14794479310512544,"y":-0.7268466353416443,"z":0.1654462218284607,"w":0.64995276927948},"size":7.150144577026367,"orthographic":false}