{"cameraMode":{"drawMode":0,"name":"Shaded","section":"Shading Mode"},"sceneLighting":true,"audioPlay":false,"sceneViewState":{"showFog":true,"showMaterialUpdate":false,"showSkybox":true,"showFlares":true,"showImageEffects":true,"showParticleSystems":true},"in2DMode":false,"pivot":{"x":3.8217825889587404,"y":-0.44661572575569155,"z":3.9354360103607179},"rotation":{"x":0.12135907262563706,"y":0.641125500202179,"z":-0.10340909659862519,"w":0.7506908774375916},"size":13.024189949035645,"orthographic":false}