{"cameraMode":{"drawMode":0,"name":"Shaded","section":"Shading Mode"},"sceneLighting":true,"audioPlay":false,"sceneViewState":{"showFog":true,"showMaterialUpdate":false,"showSkybox":false,"showFlares":true,"showImageEffects":true,"showParticleSystems":true},"in2DMode":false,"pivot":{"x":1.505641222000122,"y":-1.882490634918213,"z":0.6385470628738403},"rotation":{"x":-0.27675214409828188,"y":-0.6323878765106201,"z":0.259067565202713,"w":-0.6755601763725281},"size":5.042242527008057,"orthographic":false}