{"cameraMode":{"drawMode":0,"name":"Shaded","section":"Shading Mode"},"sceneLighting":true,"audioPlay":false,"sceneViewState":{"showFog":true,"showMaterialUpdate":false,"showSkybox":false,"showFlares":true,"showImageEffects":true,"showParticleSystems":true},"in2DMode":false,"pivot":{"x":1.3717656135559083,"y":0.10299992561340332,"z":5.485790252685547},"rotation":{"x":0.21419478952884675,"y":-0.36154207587242129,"z":0.0857301726937294,"w":0.9033761620521545},"size":55.43758010864258,"orthographic":false}