{"cameraMode":{"drawMode":0,"name":"Shaded","section":"Shading Mode"},"sceneLighting":true,"audioPlay":false,"sceneViewState":{"showFog":true,"showMaterialUpdate":false,"showSkybox":false,"showFlares":true,"showImageEffects":true,"showParticleSystems":true},"in2DMode":false,"pivot":{"x":4.714651584625244,"y":-2.7917251586914064,"z":2.7283475399017336},"rotation":{"x":-0.15102508664131165,"y":-0.7418636679649353,"z":0.17825552821159364,"w":-0.6285412907600403},"size":10.15562629699707,"orthographic":false}