{"cameraMode":{"drawMode":0,"name":"Shaded","section":"Shading Mode"},"sceneLighting":true,"audioPlay":false,"sceneViewState":{"showFog":true,"showMaterialUpdate":false,"showSkybox":false,"showFlares":true,"showImageEffects":true,"showParticleSystems":true},"in2DMode":false,"pivot":{"x":5.517391681671143,"y":-2.8059942722320558,"z":3.1145129203796388},"rotation":{"x":-0.16131186485290528,"y":-0.6329032778739929,"z":0.13709044456481934,"w":-0.7447302341461182},"size":10.217573165893555,"orthographic":false}