{"cameraMode":{"drawMode":0,"name":"Shaded","section":"Shading Mode"},"sceneLighting":true,"audioPlay":false,"sceneViewState":{"showFog":true,"showMaterialUpdate":false,"showSkybox":false,"showFlares":true,"showImageEffects":true,"showParticleSystems":true},"in2DMode":false,"pivot":{"x":-0.0484623946249485,"y":-0.12484922260046005,"z":0.16430258750915528},"rotation":{"x":0.1822868436574936,"y":-0.005594521760940552,"z":0.0010360358282923699,"w":0.9832566380500794},"size":0.5823925733566284,"orthographic":false}