{"cameraMode":{"drawMode":0,"name":"Shaded","section":"Shading Mode"},"sceneLighting":true,"audioPlay":false,"sceneViewState":{"showFog":true,"showMaterialUpdate":false,"showSkybox":false,"showFlares":true,"showImageEffects":true,"showParticleSystems":true},"in2DMode":false,"pivot":{"x":-0.2252076268196106,"y":0.13968253135681153,"z":0.4758791923522949},"rotation":{"x":0.04827922582626343,"y":-0.022162556648254396,"z":0.0010709911584854127,"w":0.9985936880111694},"size":5.919973373413086,"orthographic":false}