{"cameraMode":{"drawMode":0,"name":"Shaded","section":"Shading Mode"},"sceneLighting":true,"audioPlay":false,"sceneViewState":{"showFog":true,"showMaterialUpdate":false,"showSkybox":false,"showFlares":true,"showImageEffects":true,"showParticleSystems":true},"in2DMode":false,"pivot":{"x":1.3717656135559083,"y":0.10299992561340332,"z":5.485790252685547},"rotation":{"x":0.222030371427536,"y":-0.5849435329437256,"z":0.17062383890151978,"w":0.7612251043319702},"size":55.43758010864258,"orthographic":false}