{"cameraMode":{"drawMode":0,"name":"Shaded","section":"Shading Mode"},"sceneLighting":true,"audioPlay":false,"sceneViewState":{"showFog":true,"showMaterialUpdate":false,"showSkybox":false,"showFlares":true,"showImageEffects":true,"showParticleSystems":true},"in2DMode":false,"pivot":{"x":-1.2329169511795045,"y":-0.18785789608955384,"z":3.5903477668762209},"rotation":{"x":0.4723636209964752,"y":-0.17338277399539948,"z":0.0953575149178505,"w":0.8589141964912415},"size":8.116737365722657,"orthographic":false}