{"cameraMode":{"drawMode":0,"name":"Shaded","section":"Shading Mode"},"sceneLighting":true,"audioPlay":false,"sceneViewState":{"showFog":true,"showMaterialUpdate":false,"showSkybox":false,"showFlares":true,"showImageEffects":true,"showParticleSystems":true},"in2DMode":false,"pivot":{"x":2.4637365341186525,"y":2.183166742324829,"z":2.8332934379577638},"rotation":{"x":0.31691572070121767,"y":-0.49533647298812868,"z":0.2003263682126999,"w":0.7836391925811768},"size":5.343358516693115,"orthographic":false}