{"cameraMode":{"drawMode":0,"name":"Shaded","section":"Shading Mode"},"sceneLighting":true,"audioPlay":false,"sceneViewState":{"showFog":true,"showMaterialUpdate":false,"showSkybox":false,"showFlares":true,"showImageEffects":true,"showParticleSystems":true},"in2DMode":false,"pivot":{"x":-0.03823774680495262,"y":-0.10142792016267777,"z":-0.2732992172241211},"rotation":{"x":-0.17125234007835389,"y":0.6568002104759216,"z":-0.1567777842283249,"w":-0.7174689769744873},"size":0.5823925733566284,"orthographic":false}